37460832,SPOT! (feat. JENNIE),SPOT!,지코 (ZICO)
37347911,Magnetic,SUPER REAL ME,아일릿(ILLIT)
37138469,나는 아픈 건 딱 질색이니까,2,(여자)아이들
37373234,고민중독,1st Mini Album 'MANITO',QWER
37140709,첫 만남은 계획대로 되지 않아,TWS 1st Mini Album ‘Sparkling Blue’,TWS (투어스)
37344905,미안해 미워해 사랑해,눈물의 여왕 OST Part.4,Crush
37228861,천상연,천상연 (웹툰 '선녀외전' X 이창섭 (LEE CHANGSUB)),이창섭
37463572,해야 (HEYA),IVE SWITCH,IVE (아이브)
37194943,밤양갱,밤양갱,비비 (BIBI)
37462977,MAESTRO,SEVENTEEN BEST ALBUM ‘17 IS RIGHT HERE',세븐틴 (SEVENTEEN)
37373808,SHEESH,BABYMONS7ER,BABYMONSTER
37145732,Love wins all,The Winning,아이유
30232719,예뻤어,Every DAY6 February,DAY6 (데이식스)
31927275,한 페이지가 될 수 있게,The Book of Us : Gravity,DAY6 (데이식스)
37023625,비의 랩소디,비의 랩소디,임재현
37225604,EASY,EASY,LE SSERAFIM (르세라핌)
37003911,To. X,To. X - The 5th Mini Album,태연 (TAEYEON)
37225606,Smart,EASY,LE SSERAFIM (르세라핌)
35454426,Hype Boy,NewJeans 1st EP 'New Jeans',NewJeans
34061322,사랑은 늘 도망가,신사와 아가씨 OST Part.2,임영웅
36699489,그대만 있다면 (여름날 우리 X 너드커넥션 (Nerd Connection)),그대만 있다면 (여름날 우리 X 너드커넥션 (Nerd Connection)),너드커넥션 (Nerd Connection)
37053556,에피소드,에피소드,이무진
37462984,청춘찬가,SEVENTEEN BEST ALBUM ‘17 IS RIGHT HERE',세븐틴 (SEVENTEEN)
36110996,파이팅 해야지 (Feat. 이영지),부석순 1st Single Album 'SECOND WIND',부석순 (SEVENTEEN)
37098744,Love 119,Love 119,RIIZE
36382580,헤어지자 말해요,1집 Alone,박재정
36502910,모래 알갱이,모래 알갱이,임영웅
36356993,I AM,I've IVE,IVE (아이브)
34908740,우리들의 블루스,IM HERO,임영웅
36910957,Perfect Night,Perfect Night,LE SSERAFIM (르세라핌)
36391236,손오공,SEVENTEEN 10th Mini Album ‘FML',세븐틴 (SEVENTEEN)
36635522,ETA,NewJeans 2nd EP 'Get Up',NewJeans
35945927,Ditto,NewJeans 'OMG',NewJeans
36617841,Seven (feat. Latto) - Clean Ver.,Seven (feat. Latto) - Clean Ver.,정국
37323943,Welcome to the Show,Fourever,DAY6 (데이식스)
36956630,Drama,Drama - The 4th Mini Album,aespa
36855841,Do or Die,Do or Die,임영웅
36599950,Super Shy,NewJeans 2nd EP 'Get Up',NewJeans
35008524,다시 만날 수 있을까,IM HERO,임영웅
37222942,홀씨,The Winning,아이유
34451383,인사,인사,범진
37431365,Impossible,RIIZING,RIIZE
32508053,이제 나만 믿어요,내일은 미스터트롯 우승자 특전곡,임영웅
35008525,무지개,IM HERO,임영웅
34657844,사랑인가 봐,사랑인가 봐 (사내맞선 OST 스페셜 트랙),멜로망스
36930793,MANIAC,The 4th Mini Album 'VERSUS',VIVIZ (비비지)
4446485,너의 모든 순간,별에서 온 그대 OST Part.7,성시경
35834583,London Boy,Polaroid,임영웅
35008527,아버지,IM HERO,임영웅
37248283,WAY 4 LUV,ASTERUM : 134-1,PLAVE
35985167,OMG,NewJeans 'OMG',NewJeans
37064763,꿈,웰컴투 삼달리 OST Part.3,태연 (TAEYEON)
35834584,Polaroid,Polaroid,임영웅
37378932,Siren,RIIZING,RIIZE
36713849,Love Lee,Love Lee,AKMU (악뮤)
36717264,Get A Guitar,Get A Guitar,RIIZE
37462978,LALALI,SEVENTEEN BEST ALBUM ‘17 IS RIGHT HERE',세븐틴 (SEVENTEEN)
35008534,인생찬가,IM HERO,임영웅
36616378,사막에서 꽃을 피우듯,사막에서 꽃을 피우듯,우디 (Woody)
35008528,A bientot,IM HERO,임영웅
36430773,퀸카 (Queencard),I feel,(여자)아이들
35454425,Attention,NewJeans 1st EP 'New Jeans',NewJeans
37379018,Midas Touch,Midas Touch,KISS OF LIFE
37138464,Super Lady,2,(여자)아이들
37390597,혹시 세상에 혼자 남겨진 것 같다면,When You Alone,우디 (Woody)
31666417,주저하는 연인들을 위해,전설,잔나비
34847378,LOVE DIVE,LOVE DIVE,IVE (아이브)
37462982,Spell,SEVENTEEN BEST ALBUM ‘17 IS RIGHT HERE',세븐틴 (SEVENTEEN)
36871671,Baddie,I'VE MINE,IVE (아이브)
35008532,연애편지,IM HERO,임영웅
30244931,봄날,YOU NEVER WALK ALONE,방탄소년단
34819473,사건의 지평선,YOUNHA 6th Album Repackage 'END THEORY : Final Edition',윤하 (YOUNHA)
36416114,Spicy,MY WORLD - The 3rd Mini Album,aespa
32061975,"어떻게 이별까지 사랑하겠어, 널 사랑하는 거지",항해,AKMU (악뮤)
36892797,음악의 신,SEVENTEEN 11th Mini Album ‘SEVENTEENTH HEAVEN',세븐틴 (SEVENTEEN)
36852553,You & Me,JENNIE Special Single [You & Me],제니 (JENNIE)
30962526,"모든 날, 모든 순간 (Every day, Every Moment)",'키스 먼저 할까요?' OST Part.3,폴킴
36595401,"잘 지내자, 우리 (여름날 우리 X 로이킴)","잘 지내자, 우리 (여름날 우리 X 로이킴)",로이킴
35640751,I Don't Think That I Like Her,CHARLIE,Charlie Puth
32872978,Dynamite,Dynamite (DayTime Version),방탄소년단
34431086,취중고백,취중고백,김민석
36062335,그대가 내 안에 박혔다(그내박),그대가 내 안에 박혔다(그내박),순순희(기태)
37436295,반딧불 (Little Light),청춘의 포말 (YOUTH) - The 1st Album,도영 (DOYOUNG)
36180700,심(心),심(心),DK(디셈버)
36334401,사랑하지 않아서 그랬어,사랑하지 않아서 그랬어,임한별
37248286,우리 영화,ASTERUM : 134-1,PLAVE
37390611,좋아해요,눈물의 여왕 OST Part.6,폴킴
37322101,멈춰줘,눈물의 여왕 OST Part.3,헤이즈 (Heize)
33496587,다정히 내 이름을 부르면,다정히 내 이름을 부르면 (경서예지 x 전건호),경서예지
37138471,Wife,2,(여자)아이들
37374433,Deja Vu,minisode 3: TOMORROW,투모로우바이투게더
37426262,By Your Side,By Your Side,Crush
37248282,Watch Me Woo!,ASTERUM : 134-1,PLAVE
37248285,From,ASTERUM : 134-1,PLAVE
36318125,Kitsch,I've IVE,IVE (아이브)
37229121,Shopper,The Winning,아이유
36713850,후라이의 꿈,Love Lee,AKMU (악뮤)
37463000,Ima -Even if the world ends tomorrow- (Korean Ver.),SEVENTEEN BEST ALBUM ‘17 IS RIGHT HERE',세븐틴 (SEVENTEEN)
37347913,Lucky Girl Syndrome,SUPER REAL ME,아일릿(ILLIT)
37248284,버추얼 아이돌,ASTERUM : 134-1,PLAVE
